First Name,Last Name,Date of Birth,Position,Contract Expiry,Status
Dimitar,Mitov,22/01/1997,GK,2027,N
Kristers,Tobers,13/12/2000,RCB,2028,N
Mats,Knoester,19/11/1998,LCB,2029,N
Gavin,Molloy,19/10/2001,LCB,2027,N
Jack,Milne,10/02/2003,RCB,2029,N
Alexander,Jensen,24/08/2001,RB,2028,N
Nicky,Devlin,17/10/1993,RB,2027,N
Ante,Palaversa,06/04/2000,CDM,2027,N
Sivert Heltne,Nilsen,02/10/1991,CDM,2027,N
Dante,Polvara,21/06/2000,RCM,2026,N
Graeme,Shinnie,04/08/1991,LCM,2026,N
Leighton,Clarkson,19/10/2001,LCM,2027,N
Topi,Keskinen,07/03/2003,RW,2028,N
Peter,Ambrose,06/10/2002,ST,2027,N
Findlay,Marshall,17/04/2006,RCM,2026,O
Ryan,Duncan,18/01/2004,LW,2026,N
Nicolas,Milanovic,14/11/2001,RW,2028,N
Alfie,Bavidge,04/11/2006,ST,2026,O
Nicholas,Suman,28/02/2000,GK,2027,N
Emmanuel,Gyamfi,23/07/2004,LB,2029,N
Kusini,Yengi,15/01/1999,ST,2027,N
Kjartan, Mar Kjartansson,14/07/2006,CDM,2029,N
Adil,Aouchiche,15/07/2002,RCM,2026,I
Kenan,Bilalović,22/06/2005,LW,2030,N
Marko,Lazetić,22/01/2004,ST,2029,N
Mitchel,Frame,25/01/2006,LB,2029,N
Kevin,Nisbet,03/08/1997,ST,2028,N
Jesper,Karlsson,25/07/1998,LW,2026,I
Stuart,Armstrong,30/03/1992,RCM,2027,N
Dylan,Lobban,26/08/2005,RB,2028,N
Lyall,Cameron,10/10/2002,LCM,2026,I